Message,Class
"ERROR VCP2571 ""Instantiations must have brackets (): HRESP."" ""testbench.sv"" 141 15",Spam
"ERROR VCP2571 ""Instantiations must have brackets (): HRDATA."" ""testbench.sv"" 141 23",Spam
"ERROR VCP2571 ""Instantiations must have brackets (): HREADY."" ""testbench.sv"" 141 31",Ham
"ERROR VCP2571 ""Instantiations must have brackets (): PRDATA."" ""testbench.sv"" 141 39",Ham
"ERROR VCP2571 ""Instantiations must have brackets (): PSEL."" ""testbench.sv"" 141 45",Ham
"ERROR VCP2571 ""Instantiations must have brackets (): PENABLE."" ""testbench.sv"" 141 54",Ham
"ERROR VCP2571 ""Instantiations must have brackets (): PADDR."" ""testbench.sv"" 142 7",Spam
"ERROR VCP2571 ""Instantiations must have brackets (): PWRITE."" ""testbench.sv"" 142 15",Spam
"ERROR VCP2000 ""Syntax error. Unexpected token: )."" ""testbench.sv"" 142 23",Spam
